:END_ID(Company),annDate:date,holderFullname:string,holdRatio:double,:START_ID(Company),:TYPE
600075.SH,2020-10-16,新疆天业(集团)有限公司,53.57,600075.SH,hold_stock
600155.SH,2020-10-30,华创阳安股份有限公司-第二期员工持股计划,2.84,600155.SH,hold_stock
600301.SH,2020-10-29,南宁化工集团有限公司,32.0,600301.SH,hold_stock
600352.SH,2020-10-27,浙江龙盛集团股份有限公司-2020年员工持股计划,2.15,600352.SH,hold_stock
600367.SH,2020-10-17,中国建设银行股份有限公司-信达澳银新能源产业股票型证券投资基金,0.44,601939.SH,hold_stock
600378.SH,2020-10-29,兴业银行股份有限公司-工银瑞信新材料新能源行业股票型证券投资基金,0.22,601166.SH,hold_stock
600409.SH,2020-10-29,中国建设银行股份有限公司-博时主题行业混合型证券投资基金(LOF),1.24,601939.SH,hold_stock
600618.SH,2020-10-30,中国工商银行股份有限公司-中证上海国企交易型开放式指数证券投资基金,0.21,601398.SH,hold_stock
603010.SH,2020-10-29,上海浦东发展银行股份有限公司-广发高端制造股票型发起式证券投资基金,4.66,600000.SH,hold_stock
000627.SZ,2020-10-31,招商证券股份有限公司,0.37,600999.SH,hold_stock
000683.SZ,2020-10-30,广发证券股份有限公司-大成睿景灵活配置混合型证券投资基金,1.83,000776.SZ,hold_stock
000683.SZ,2020-10-30,中国工商银行股份有限公司-华安媒体互联网混合型证券投资基金,1.75,601398.SH,hold_stock
000683.SZ,2020-10-30,中国农业银行股份有限公司-华安智能生活混合型证券投资基金,1.18,601288.SH,hold_stock
000683.SZ,2020-10-30,中国农业银行股份有限公司-大成新锐产业混合型证券投资基金,0.82,601288.SH,hold_stock
000698.SZ,2020-10-28,沈阳化工集团有限公司,26.68,000698.SZ,hold_stock
000822.SZ,2020-10-28,中国建设银行股份有限公司-万家科创主题3年封闭运作灵活配置混合型证券投资基金,0.35,601939.SH,hold_stock
000822.SZ,2020-10-28,中国工商银行股份有限公司-万家科创板2年定期开放混合型证券投资基金,0.62,601398.SH,hold_stock
000822.SZ,2020-10-28,山东海化集团有限公司,40.34,000822.SZ,hold_stock
002014.SZ,2020-10-23,黄山永新股份有限公司-第一期员工持股计划,1.4,002014.SZ,hold_stock
002014.SZ,2020-10-23,华泰证券股份有限公司-中庚价值领航混合型证券投资基金,2.25,601688.SH,hold_stock
002014.SZ,2020-10-23,广发证券股份有限公司-中庚小盘价值股票型证券投资基金,1.02,000776.SZ,hold_stock
002053.SZ,2020-10-30,云南省能源投资集团有限公司,31.63,002053.SZ,hold_stock
002053.SZ,2020-10-30,云南能源投资股份有限公司-第一期员工持股计划,0.53,002053.SZ,hold_stock
002068.SZ,2020-10-20,国海证券股份有限公司,0.87,000750.SZ,hold_stock
002068.SZ,2020-10-20,中国工商银行-融通动力先锋混合型证券投资基金,0.91,601398.SH,hold_stock
002068.SZ,2020-10-20,中国工商银行股份有限公司-中欧匠心两年持有期混合型证券投资基金,1.25,601398.SH,hold_stock
002068.SZ,2020-10-20,中国工商银行股份有限公司-中欧精选灵活配置定期开放混合型发起式证券投资基金,1.67,601398.SH,hold_stock
002096.SZ,2020-10-29,中信证券股份有限公司,0.6,600030.SH,hold_stock
002125.SZ,2020-10-28,中国工商银行股份有限公司-南方3年封闭运作战略配售灵活配置混合型证券投资基金(LOF),0.8,601398.SH,hold_stock
002125.SZ,2020-10-28,中国银行股份有限公司-嘉实新能源新材料股票型证券投资基金,0.71,601988.SH,hold_stock
002145.SZ,2020-10-28,中核华原钛白股份有限公司-第四期员工持股计划,3.8,002145.SZ,hold_stock
002145.SZ,2020-10-28,中核华原钛白股份有限公司-第五期员工持股计划,1.96,002145.SZ,hold_stock
002145.SZ,2020-10-28,中核华原钛白股份有限公司-第3期员工持股计划,1.17,002145.SZ,hold_stock
002165.SZ,2020-10-30,红宝丽集团股份有限公司-第一期员工持股计划,0.75,002165.SZ,hold_stock
002217.SZ,2020-10-28,陕西省国际信托股份有限公司-陕国投·合力泰第一期2号员工持股集合资金信托计划,0.75,000563.SZ,hold_stock
002341.SZ,2020-10-24,深圳市新纶科技股份有限公司-第一期员工持股计划,3.09,002341.SZ,hold_stock
002386.SZ,2020-10-27,中国建设银行股份有限公司-万家科创主题3年封闭运作灵活配置混合型证券投资基金,0.68,601939.SH,hold_stock
002386.SZ,2020-10-27,中国工商银行股份有限公司-万家科创板2年定期开放混合型证券投资基金,0.61,601398.SH,hold_stock
002408.SZ,2020-10-26,陕西省国际信托股份有限公司-陕国投·鑫鑫向荣32号证券投资集合资金信托计划,0.63,000563.SZ,hold_stock
002408.SZ,2020-10-26,陕西省国际信托股份有限公司-陕国投·聚宝盆86号证券投资集合资金信托计划,0.58,000563.SZ,hold_stock
002409.SZ,2020-10-30,中国银行股份有限公司-国泰CES半导体芯片行业交易型开放式指数证券投资基金,1.03,601988.SH,hold_stock
002450.SZ,2020-10-26,中信证券股份有限公司,1.61,600030.SH,hold_stock
002450.SZ,2020-10-26,陕西省国际信托股份有限公司-陕国投·鑫鑫向荣90号证券投资集合资金信托计划,1.52,000563.SZ,hold_stock
002466.SZ,2020-10-20,中国建设银行股份有限公司-富国中证新能源汽车指数分级证券投资基金,0.66,601939.SH,hold_stock
002497.SZ,2020-10-30,交通银行股份有限公司-汇丰晋信低碳先锋股票型证券投资基金,2.7,601328.SH,hold_stock
002497.SZ,2020-10-30,新华人寿保险股份有限公司-分红-个人分红-018L-FH002深,2.0,601336.SH,hold_stock
002497.SZ,2020-10-30,交通银行股份有限公司-汇丰晋信智造先锋股票型证券投资基金,1.89,601328.SH,hold_stock
002597.SZ,2020-10-31,中国工商银行-广发稳健增长证券投资基金,1.6,601398.SH,hold_stock
002597.SZ,2020-10-31,中国光大银行股份有限公司-国投瑞银创新动力混合型证券投资基金,1.35,601818.SH,hold_stock
002597.SZ,2020-10-31,安徽金禾实业股份有限公司-第一期员工持股计划,1.08,002597.SZ,hold_stock
002597.SZ,2020-10-31,交通银行股份有限公司-华安策略优选混合型证券投资基金,0.95,601328.SH,hold_stock
002597.SZ,2020-10-31,中国银行股份有限公司-国投瑞银精选收益灵活配置混合型证券投资基金,0.76,601988.SH,hold_stock
002643.SZ,2020-10-24,交通银行股份有限公司-南方成长先锋混合型证券投资基金,1.57,601328.SH,hold_stock
002643.SZ,2020-10-24,招商银行股份有限公司-睿远成长价值混合型证券投资基金,2.24,600036.SH,hold_stock
002648.SZ,2020-10-27,中国建设银行股份有限公司-富国低碳新经济混合型证券投资基金,0.65,601939.SH,hold_stock
002669.SZ,2020-10-27,上海康达化工新材料集团股份有限公司-第一期员工持股计划,1.2,002669.SZ,hold_stock
002709.SZ,2020-10-27,中国建设银行股份有限公司-博时主题行业混合型证券投资基金(LOF),1.45,601939.SH,hold_stock
002741.SZ,2020-10-26,广东光华科技股份有限公司-第一期员工持股计划,2.82,002741.SZ,hold_stock
300019.SZ,2020-10-23,中国建设银行股份有限公司-交银施罗德成长30混合型证券投资基金,1.23,601939.SH,hold_stock
300019.SZ,2020-10-23,中国建设银行股份有限公司-交银施罗德经济新动力混合型证券投资基金,0.81,601939.SH,hold_stock
300019.SZ,2020-10-23,中国工商银行股份有限公司-海富通改革驱动灵活配置混合型证券投资基金,0.81,601398.SH,hold_stock
300031.SZ,2020-10-30,无锡宝通科技股份有限公司-第二期员工持股计划,5.0,300031.SZ,hold_stock
300037.SZ,2020-10-29,招商银行股份有限公司-睿远成长价值混合型证券投资基金,2.06,600036.SH,hold_stock
300037.SZ,2020-10-29,中国工商银行股份有限公司-中欧时代先锋股票型发起式证券投资基金,1.53,601398.SH,hold_stock
300041.SZ,2020-10-31,湖北回天新材料股份有限公司-第二期员工持股计划,2.04,300041.SZ,hold_stock
300041.SZ,2020-10-31,湖北回天新材料股份有限公司-第一期员工持股计划,4.73,300041.SZ,hold_stock
300054.SZ,2020-10-28,兴业银行股份有限公司-兴全趋势投资混合型证券投资基金,4.84,601166.SH,hold_stock
300054.SZ,2020-10-28,兴业银行股份有限公司-兴全新视野灵活配置定期开放混合型发起式证券投资基金,4.06,601166.SH,hold_stock
300054.SZ,2020-10-28,中国建设银行股份有限公司-华夏国证半导体芯片交易型开放式指数证券投资基金,2.59,601939.SH,hold_stock
300054.SZ,2020-10-28,中国银行股份有限公司-国泰CES半导体芯片行业交易型开放式指数证券投资基金,1.5,601988.SH,hold_stock
300054.SZ,2020-10-28,平安银行股份有限公司-长信可转债债券型证券投资基金,1.16,000001.SZ,hold_stock
300082.SZ,2020-10-23,广东德美精细化工集团股份有限公司,4.81,002054.SZ,hold_stock
300121.SZ,2020-10-23,中国工商银行股份有限公司-诺安先锋混合型证券投资基金,2.91,601398.SH,hold_stock
300121.SZ,2020-10-23,中国建设银行股份有限公司-银华核心价值优选混合型证券投资基金,2.24,601939.SH,hold_stock
300132.SZ,2020-10-29,中国建设银行股份有限公司-易方达消费精选股票型证券投资基金,2.68,601939.SH,hold_stock
300135.SZ,2020-10-29,中国建设银行股份有限公司-广发中证全指建筑材料指数型发起式证券投资基金,0.39,601939.SH,hold_stock
300174.SZ,2020-10-20,兴业银行股份有限公司-兴全新视野灵活配置定期开放混合型发起式证券投资基金,3.8,601166.SH,hold_stock
300174.SZ,2020-10-20,兴业银行股份有限公司-兴全趋势投资混合型证券投资基金,3.8,601166.SH,hold_stock
300236.SZ,2020-10-30,中国建设银行股份有限公司-华夏国证半导体芯片交易型开放式指数证券投资基金,2.17,601939.SH,hold_stock
300236.SZ,2020-10-30,中国银行股份有限公司-国泰CES半导体芯片行业交易型开放式指数证券投资基金,1.2,601988.SH,hold_stock
300236.SZ,2020-10-30,上海新阳半导体材料股份有限公司-第三期员工持股计划,0.86,300236.SZ,hold_stock
300285.SZ,2020-10-27,招商银行股份有限公司-睿远成长价值混合型证券投资基金,3.03,600036.SH,hold_stock
300285.SZ,2020-10-27,中国工商银行股份有限公司-富国天惠精选成长混合型证券投资基金(LOF),2.91,601398.SH,hold_stock
300285.SZ,2020-10-27,中国农业银行股份有限公司-嘉实新兴产业股票型证券投资基金,1.86,601288.SH,hold_stock
300320.SZ,2020-10-28,中信银行股份有限公司-九泰锐益定增灵活配置混合型证券投资基金,1.2,601998.SH,hold_stock
300398.SZ,2020-10-29,中国建设银行股份有限公司-华夏国证半导体芯片交易型开放式指数证券投资基金,1.61,601939.SH,hold_stock
300429.SZ,2020-10-30,招商银行股份有限公司-睿远成长价值混合型证券投资基金,0.78,600036.SH,hold_stock
300437.SZ,2020-10-27,中国工商银行-广发聚富开放式证券投资基金,1.36,601398.SH,hold_stock
300437.SZ,2020-10-27,中国工商银行股份有限公司-广发多策略灵活配置混合型证券投资基金,0.79,601398.SH,hold_stock
600050.SH,2020-10-22,中国联合网络通信集团有限公司,36.7548,600050.SH,hold_stock
600050.SH,2020-10-22,中国人寿保险股份有限公司-传统-普通保险产品-005L-CT001沪,10.3,601628.SH,hold_stock
600100.SH,2020-10-30,紫光集团有限公司,2.35,000938.SZ,hold_stock
600406.SH,2020-10-31,新华人寿保险股份有限公司-分红-团体分红-018L-FH001沪,0.88,601336.SH,hold_stock
600410.SH,2020-10-28,中国农业银行股份有限公司-中证500交易型开放式指数证券投资基金,0.5,601288.SH,hold_stock
600498.SH,2020-10-31,招商银行股份有限公司-博时中证央企结构调整交易型开放式指数证券投资基金,0.42,600036.SH,hold_stock
600498.SH,2020-10-31,招商银行股份有限公司-博时中证央企创新驱动交易型开放式指数证券投资基金,0.44,600036.SH,hold_stock
600498.SH,2020-10-31,中国银行股份有限公司-华夏中证5G通信主题交易型开放式指数证券投资基金,1.1,601988.SH,hold_stock
600522.SH,2020-10-31,中信银行股份有限公司-交银施罗德新生活力灵活配置混合型证券投资基金,2.04,601998.SH,hold_stock
600522.SH,2020-10-31,中国建设银行股份有限公司-交银施罗德内核驱动混合型证券投资基金,1.51,601939.SH,hold_stock
600522.SH,2020-10-31,中国农业银行股份有限公司-交银施罗德定期支付双息平衡混合型证券投资基金,0.78,601288.SH,hold_stock
600536.SH,2020-10-31,中国工商银行股份有限公司-广发双擎升级混合型证券投资基金,1.31,601398.SH,hold_stock
600536.SH,2020-10-31,中国工商银行股份有限公司-广发创新升级灵活配置混合型证券投资基金,1.03,601398.SH,hold_stock
600562.SH,2020-10-30,兴业证券股份有限公司,0.45,601377.SH,hold_stock
600562.SH,2020-10-30,中国工商银行股份有限公司-富国军工主题混合型证券投资基金,0.56,601398.SH,hold_stock
600654.SH,2020-10-31,国金证券-浦发银行-国金中安消增持1号集合资产管理计划,0.46,600109.SH,hold_stock
600734.SH,2020-10-31,中兴通讯股份有限公司,1.52,000063.SZ,hold_stock
600776.SH,2020-10-31,中国农业银行股份有限公司-中证500交易型开放式指数证券投资基金,0.2,601288.SH,hold_stock
600804.SH,2020-10-31,招商银行股份有限公司-兴全合润分级混合型证券投资基金,0.97,600036.SH,hold_stock
600845.SH,2020-10-28,中信证券-中信银行-中信证券红利价值一年持有混合型集合资产管理计划,0.5,600030.SH,hold_stock
600845.SH,2020-10-28,中国工商银行股份有限公司-富国天惠精选成长混合型证券投资基金(LOF),0.78,601398.SH,hold_stock
600990.SH,2020-10-29,中国建设银行股份有限公司-鹏华中证国防指数分级证券投资基金,0.91,601939.SH,hold_stock
600990.SH,2020-10-29,中国建设银行股份有限公司-国泰中证军工交易型开放式指数证券投资基金,0.81,601939.SH,hold_stock
600990.SH,2020-10-29,中国建设银行股份有限公司-长信国防军工量化灵活配置混合型证券投资基金,0.8,601939.SH,hold_stock
603019.SH,2020-10-28,中国建设银行股份有限公司-华夏国证半导体芯片交易型开放式指数证券投资基金,2.93,601939.SH,hold_stock
603019.SH,2020-10-28,招商银行股份有限公司-银河创新成长混合型证券投资基金,2.58,600036.SH,hold_stock
603019.SH,2020-10-28,中国农业银行股份有限公司-银华内需精选混合型证券投资基金(LOF),0.64,601288.SH,hold_stock
603636.SH,2020-10-24,中国建设银行股份有限公司-信达澳银新能源产业股票型证券投资基金,0.73,601939.SH,hold_stock
000063.SZ,2020-10-29,中国银行股份有限公司-华夏中证5G通信主题交易型开放式指数证券投资基金,0.99,601988.SH,hold_stock
000063.SZ,2020-10-29,新华人寿保险股份有限公司-新传统产品2,0.93,601336.SH,hold_stock
000066.SZ,2020-10-31,中国建设银行股份有限公司-富国中证军工龙头交易型开放式指数证券投资基金,0.54,601939.SH,hold_stock
000066.SZ,2020-10-31,中国建设银行股份有限公司-鹏华中证国防指数分级证券投资基金,0.91,601939.SH,hold_stock
000547.SZ,2020-10-26,中国建设银行股份有限公司-富国中证军工指数分级证券投资基金,1.05,601939.SH,hold_stock
000547.SZ,2020-10-26,中国建设银行股份有限公司-易方达国防军工混合型证券投资基金,1.33,601939.SH,hold_stock
000547.SZ,2020-10-26,中国建设银行股份有限公司-鹏华中证国防指数分级证券投资基金,1.21,601939.SH,hold_stock
000561.SZ,2020-10-29,交通银行股份有限公司-长信量化先锋混合型证券投资基金,0.28,601328.SH,hold_stock
000561.SZ,2020-10-29,中国工商银行股份有限公司-广发中证军工交易型开放式指数证券投资基金,0.28,601398.SH,hold_stock
000561.SZ,2020-10-29,中国建设银行股份有限公司-富国中证军工龙头交易型开放式指数证券投资基金,0.46,601939.SH,hold_stock
000561.SZ,2020-10-29,中国建设银行股份有限公司-国泰中证军工交易型开放式指数证券投资基金,0.65,601939.SH,hold_stock
000561.SZ,2020-10-29,中国建设银行股份有限公司-富国中证军工指数分级证券投资基金,0.65,601939.SH,hold_stock
000801.SZ,2020-10-31,四川九洲电器集团有限责任公司,47.61,000801.SZ,hold_stock
000851.SZ,2020-10-30,中国银行股份有限公司-华夏中证5G通信主题交易型开放式指数证券投资基金,1.78,601988.SH,hold_stock
000938.SZ,2020-10-30,紫光股份有限公司-首期2号员工持股计划,3.2,000938.SZ,hold_stock
000938.SZ,2020-10-30,中国银行股份有限公司-华夏中证5G通信主题交易型开放式指数证券投资基金,0.91,601988.SH,hold_stock
000938.SZ,2020-10-30,紫光股份有限公司-首期1号员工持股计划,0.81,000938.SZ,hold_stock
000948.SZ,2020-10-23,云南南天电子信息产业股份有限公司-第一期员工持股计划,2.16,000948.SZ,hold_stock
000970.SZ,2020-10-27,中国建设银行股份有限公司-富国中证新能源汽车指数分级证券投资基金,0.89,601939.SH,hold_stock
000970.SZ,2020-10-27,中国银行股份有限公司-华夏中证新能源汽车交易型开放式指数证券投资基金,1.22,601988.SH,hold_stock
000977.SZ,2020-10-31,招商银行股份有限公司-华夏成长精选6个月定期开放混合型发起式证券投资基金,0.21,600036.SH,hold_stock
000977.SZ,2020-10-31,中国工商银行股份有限公司-易方达中证人工智能主题交易型开放式指数证券投资基金,0.24,601398.SH,hold_stock
000977.SZ,2020-10-31,中国工商银行股份有限公司-华宝中证科技龙头交易型开放式指数证券投资基金,0.27,601398.SH,hold_stock
000977.SZ,2020-10-31,招商银行股份有限公司-鹏华价值成长混合型证券投资基金,0.31,600036.SH,hold_stock
000997.SZ,2020-10-29,中国人寿保险(集团)公司-传统-普通保险产品,0.45,601628.SH,hold_stock
000997.SZ,2020-10-29,东兴证券-民生银行-东兴信鑫3号集合资产管理计划,0.68,601198.SH,hold_stock
002017.SZ,2020-10-24,中国银行股份有限公司-国泰CES半导体芯片行业交易型开放式指数证券投资基金,1.19,601988.SH,hold_stock
002027.SZ,2020-10-23,中国工商银行股份有限公司-富国创新科技混合型证券投资基金,0.82,601398.SH,hold_stock
002027.SZ,2020-10-23,招商银行股份有限公司-鹏华新兴产业混合型证券投资基金,0.89,600036.SH,hold_stock
002065.SZ,2020-10-28,东华软件股份公司-第一期员工持股计划,0.85,002065.SZ,hold_stock
002073.SZ,2020-10-29,软控股份有限公司-第一期员工持股计划,2.93,002073.SZ,hold_stock
002089.SZ,2020-10-29,陕西省国际信托股份有限公司-陕国投·祥瑞5号结构化证券投资集合资金信托计划,0.58,000563.SZ,hold_stock
002093.SZ,2020-10-29,中国农业银行股份有限公司-中证500交易型开放式指数证券投资基金,0.25,601288.SH,hold_stock
002151.SZ,2020-10-26,中国工商银行股份有限公司-易方达中证人工智能主题交易型开放式指数证券投资基金,0.21,601398.SH,hold_stock
002152.SZ,2020-10-20,广州广电运通金融电子股份有限公司-第一期员工持股计划,1.03,002152.SZ,hold_stock
002153.SZ,2020-10-27,中国工商银行-易方达价值成长混合型证券投资基金,0.78,601398.SH,hold_stock
002174.SZ,2020-10-30,游族网络股份有限公司-第一期员工持股计划,1.22,002174.SZ,hold_stock
002174.SZ,2020-10-30,平安银行股份有限公司-东方红睿轩三年定期开放灵活配置混合型证券投资基金,0.78,000001.SZ,hold_stock
002180.SZ,2020-10-30,招商银行股份有限公司-睿远成长价值混合型证券投资基金,1.42,600036.SH,hold_stock
002180.SZ,2020-10-30,中国银行股份有限公司-国泰CES半导体芯片行业交易型开放式指数证券投资基金,1.21,601988.SH,hold_stock
002194.SZ,2020-10-29,中国银行股份有限公司-华夏中证5G通信主题交易型开放式指数证券投资基金,0.73,601988.SH,hold_stock
002268.SZ,2020-10-28,中国建设银行股份有限公司-国泰中证军工交易型开放式指数证券投资基金,0.85,601939.SH,hold_stock
002268.SZ,2020-10-28,中国建设银行股份有限公司-富国中证军工指数分级证券投资基金,0.92,601939.SH,hold_stock
002281.SZ,2020-10-23,中国农业银行股份有限公司-华安智能生活混合型证券投资基金,0.86,601288.SH,hold_stock
002281.SZ,2020-10-23,中国银行股份有限公司-华夏中证5G通信主题交易型开放式指数证券投资基金,1.05,601988.SH,hold_stock
002281.SZ,2020-10-23,中国工商银行股份有限公司-华安媒体互联网混合型证券投资基金,1.24,601398.SH,hold_stock
002313.SZ,2020-10-28,中国银行股份有限公司-华夏中证5G通信主题交易型开放式指数证券投资基金,1.06,601988.SH,hold_stock
002315.SZ,2020-10-30,中国工商银行股份有限公司-交银施罗德趋势优先混合型证券投资基金,3.57,601398.SH,hold_stock
002315.SZ,2020-10-30,中国工商银行股份有限公司-富国创新科技混合型证券投资基金,1.72,601398.SH,hold_stock
002315.SZ,2020-10-30,招商银行股份有限公司-富国科创主题3年封闭运作灵活配置混合型证券投资基金,1.04,600036.SH,hold_stock
002362.SZ,2020-10-27,中国工商银行股份有限公司-交银施罗德趋势优先混合型证券投资基金,2.58,601398.SH,hold_stock
002384.SZ,2020-10-28,中国工商银行股份有限公司-易方达新兴成长灵活配置混合型证券投资基金,0.8,601398.SH,hold_stock
002384.SZ,2020-10-28,中国工商银行股份有限公司-银华中小盘精选混合型证券投资基金,0.86,601398.SH,hold_stock
002384.SZ,2020-10-28,中国人寿保险股份有限公司-分红-个人分红-005L-FH002深,0.92,601628.SH,hold_stock
002384.SZ,2020-10-28,中国银行股份有限公司-华夏中证5G通信主题交易型开放式指数证券投资基金,1.27,601988.SH,hold_stock
002396.SZ,2020-10-23,中国银行股份有限公司-华夏中证5G通信主题交易型开放式指数证券投资基金,1.26,601988.SH,hold_stock
002396.SZ,2020-10-23,上海浦东发展银行股份有限公司-易方达裕祥回报债券型证券投资基金,0.68,600000.SH,hold_stock
002405.SZ,2020-10-30,北京四维图新科技股份有限公司-第一期员工持股计划,0.99,002405.SZ,hold_stock
002439.SZ,2020-10-28,交通银行股份有限公司-万家行业优选混合型证券投资基金(LOF),3.08,601328.SH,hold_stock
002439.SZ,2020-10-28,中国工商银行股份有限公司-万家自主创新混合型证券投资基金,0.95,601398.SH,hold_stock
002446.SZ,2020-10-29,中国银行股份有限公司-华夏中证5G通信主题交易型开放式指数证券投资基金,1.39,601988.SH,hold_stock
002465.SZ,2020-10-30,新华人寿保险股份有限公司-分红-个人分红-018L-FH002深,2.37,601336.SH,hold_stock
002465.SZ,2020-10-30,中国建设银行股份有限公司-鹏华中证国防指数分级证券投资基金,1.21,601939.SH,hold_stock
002465.SZ,2020-10-30,中国建设银行股份有限公司-富国中证军工指数分级证券投资基金,1.05,601939.SH,hold_stock
002465.SZ,2020-10-30,中国建设银行股份有限公司-国泰中证军工交易型开放式指数证券投资基金,0.98,601939.SH,hold_stock
002465.SZ,2020-10-30,中信证券-中信银行-中信证券卓越成长两年持有期混合型集合资产管理计划,0.8,600030.SH,hold_stock
002474.SZ,2020-10-26,福建榕基软件股份有限公司-第三期员工持股计划,1.26,002474.SZ,hold_stock
002474.SZ,2020-10-26,福建榕基软件股份有限公司-第二期员工持股计划,0.42,002474.SZ,hold_stock
002491.SZ,2020-10-29,通鼎互联信息股份有限公司-第二期员工持股计划,1.19,002491.SZ,hold_stock
002519.SZ,2020-10-20,江苏银河电子股份有限公司-第一期员工持股计划,3.52,002519.SZ,hold_stock
002528.SZ,2020-10-29,深圳英飞拓科技股份有限公司-第三期员工持股计划,2.67,002528.SZ,hold_stock
002544.SZ,2020-10-28,中国建设银行股份有限公司-国泰中证军工交易型开放式指数证券投资基金,0.78,601939.SH,hold_stock
002544.SZ,2020-10-28,中国建设银行股份有限公司-富国中证军工指数分级证券投资基金,0.79,601939.SH,hold_stock
002547.SZ,2020-10-29,中国工商银行股份有限公司-国泰中证全指通信设备交易型开放式指数证券投资基金,0.19,601398.SH,hold_stock
002583.SZ,2020-10-30,海能达通信股份有限公司-第三期员工持股计划,1.75,002583.SZ,hold_stock
002583.SZ,2020-10-30,中国农业银行股份有限公司-南方军工改革灵活配置混合型证券投资基金,0.49,601288.SH,hold_stock
002609.SZ,2020-10-31,招商银行股份有限公司-东方阿尔法精选灵活配置混合型发起式证券投资基金,1.62,600036.SH,hold_stock
002635.SZ,2020-10-30,招商银行股份有限公司-银华心怡灵活配置混合型证券投资基金,0.28,600036.SH,hold_stock
002635.SZ,2020-10-30,中国农业银行股份有限公司-中证500交易型开放式指数证券投资基金,0.25,601288.SH,hold_stock
300010.SZ,2020-10-30,招商银行股份有限公司-睿远成长价值混合型证券投资基金,2.94,600036.SH,hold_stock
300010.SZ,2020-10-30,中国银行股份有限公司-景顺长城优选混合型证券投资基金,1.22,601988.SH,hold_stock
300017.SZ,2020-10-29,兴业银行股份有限公司-兴全趋势投资混合型证券投资基金,1.77,601166.SH,hold_stock
300017.SZ,2020-10-29,兴业银行股份有限公司-兴全新视野灵活配置定期开放混合型发起式证券投资基金,1.36,601166.SH,hold_stock
300033.SZ,2020-10-24,中国工商银行股份有限公司-易方达新兴成长灵活配置混合型证券投资基金,0.63,601398.SH,hold_stock
300036.SZ,2020-10-27,北京超图软件股份有限公司-第一期员工持股计划,1.49,300036.SZ,hold_stock
300044.SZ,2020-10-30,中国工商银行股份有限公司-泰康策略优选灵活配置混合型证券投资基金,0.72,601398.SH,hold_stock
300047.SZ,2020-10-28,中国建设银行股份有限公司-博时裕益灵活配置混合型证券投资基金,1.27,601939.SH,hold_stock
300050.SZ,2020-10-16,珠海世纪鼎利科技股份有限公司-第一期员工持股计划,1.38,300050.SZ,hold_stock
300059.SZ,2020-10-22,中国建设银行股份有限公司-国泰中证全指证券公司交易型开放式指数证券投资基金,1.52,601939.SH,hold_stock
300059.SZ,2020-10-22,中国建设银行股份有限公司-华宝中证全指证券公司交易型开放式指数证券投资基金,0.88,601939.SH,hold_stock
300065.SZ,2020-10-29,中国银行股份有限公司-华夏鼎沛债券型证券投资基金,3.48,601988.SH,hold_stock
300075.SZ,2020-10-28,中国工商银行股份有限公司-创金合信汇融一年定期开放混合型证券投资基金,0.5,601398.SH,hold_stock
300079.SZ,2020-10-22,中国工商银行股份有限公司-易方达中证人工智能主题交易型开放式指数证券投资基金,0.35,601398.SH,hold_stock
300098.SZ,2020-10-30,中国银行股份有限公司-华夏中证5G通信主题交易型开放式指数证券投资基金,1.5,601988.SH,hold_stock
300101.SZ,2020-10-20,中国银行股份有限公司-国泰CES半导体芯片行业交易型开放式指数证券投资基金,1.37,601988.SH,hold_stock
300113.SZ,2020-10-30,中国工商银行-易方达价值成长混合型证券投资基金,1.09,601398.SH,hold_stock
300113.SZ,2020-10-30,中国农业银行股份有限公司-华安智能生活混合型证券投资基金,2.01,601288.SH,hold_stock
300113.SZ,2020-10-30,中国工商银行股份有限公司-华安媒体互联网混合型证券投资基金,2.92,601398.SH,hold_stock
300134.SZ,2020-10-28,中国银行股份有限公司-华夏中证5G通信主题交易型开放式指数证券投资基金,0.85,601988.SH,hold_stock
300134.SZ,2020-10-28,中国农业银行股份有限公司-中证500交易型开放式指数证券投资基金,0.26,601288.SH,hold_stock
300136.SZ,2020-10-29,中国银行股份有限公司-华夏中证5G通信主题交易型开放式指数证券投资基金,1.47,601988.SH,hold_stock
300136.SZ,2020-10-29,招商银行股份有限公司-兴全轻资产投资混合型证券投资基金(LOF),1.33,600036.SH,hold_stock
300136.SZ,2020-10-29,招商银行股份有限公司-睿远成长价值混合型证券投资基金,1.17,600036.SH,hold_stock
300136.SZ,2020-10-29,中国光大银行股份有限公司-兴全商业模式优选混合型证券投资基金(LOF),0.77,601818.SH,hold_stock
300136.SZ,2020-10-29,招商银行股份有限公司-兴全合宜灵活配置混合型证券投资基金(LOF),0.76,600036.SH,hold_stock
300168.SZ,2020-10-29,中国人寿保险股份有限公司-传统-普通保险产品-005L-CT001深,13.18,601628.SH,hold_stock
300168.SZ,2020-10-29,中国人寿保险股份有限公司-分红-个人分红-005L-FH002深,4.99,601628.SH,hold_stock
300168.SZ,2020-10-29,交通银行-融通行业景气证券投资基金,1.18,601328.SH,hold_stock
300188.SZ,2020-10-28,中国建设银行股份有限公司-交银施罗德阿尔法核心混合型证券投资基金,2.06,601939.SH,hold_stock
300188.SZ,2020-10-28,招商银行股份有限公司-泓德睿泽混合型证券投资基金,1.45,600036.SH,hold_stock
300188.SZ,2020-10-28,中国建设银行股份有限公司-中欧创业板两年定期开放混合型证券投资基金,1.34,601939.SH,hold_stock
300188.SZ,2020-10-28,中国工商银行股份有限公司-交银施罗德优势行业灵活配置混合型证券投资基金,1.24,601398.SH,hold_stock
300212.SZ,2020-10-28,中国建设银行股份有限公司-广发多元新兴股票型证券投资基金,1.49,601939.SH,hold_stock
300212.SZ,2020-10-28,中国工商银行股份有限公司-广发双擎升级混合型证券投资基金,1.57,601398.SH,hold_stock
300212.SZ,2020-10-28,上海浦东发展银行股份有限公司-广发小盘成长混合型证券投资基金(LOF),2.09,600000.SH,hold_stock
300212.SZ,2020-10-28,中国建设银行股份有限公司-广发科技先锋混合型证券投资基金,3.08,601939.SH,hold_stock
300213.SZ,2020-11-10,中国农业银行股份有限公司-华夏复兴混合型证券投资基金,0.96,601288.SH,hold_stock
300226.SZ,2020-10-30,中国工商银行股份有限公司-易方达新兴成长灵活配置混合型证券投资基金,1.41,601398.SH,hold_stock
300226.SZ,2020-10-30,中国工商银行股份有限公司-富国天惠精选成长混合型证券投资基金(LOF),4.3,601398.SH,hold_stock
300231.SZ,2020-10-29,中国光大银行股份有限公司-泰信先行策略开放式证券投资基金,0.63,601818.SH,hold_stock
300231.SZ,2020-10-29,招商银行股份有限公司-光大保德信优势配置混合型证券投资基金,0.26,600036.SH,hold_stock
300250.SZ,2020-10-28,杭州初灵信息技术股份有限公司-第二期员工持股计划,1.51,300250.SZ,hold_stock
300253.SZ,2020-10-30,中国建设银行股份有限公司-广发科技先锋混合型证券投资基金,1.55,601939.SH,hold_stock
300253.SZ,2020-10-30,上海浦东发展银行股份有限公司-广发小盘成长混合型证券投资基金(LOF),1.34,600000.SH,hold_stock
300253.SZ,2020-10-30,中国工商银行股份有限公司-易方达新兴成长灵活配置混合型证券投资基金,1.25,601398.SH,hold_stock
300270.SZ,2020-10-29,交通银行股份有限公司-博时新兴成长混合型证券投资基金,1.12,601328.SH,hold_stock
300271.SZ,2020-10-26,中国光大银行股份有限公司-兴全商业模式优选混合型证券投资基金(LOF),3.09,601818.SH,hold_stock
300271.SZ,2020-10-26,中国建设银行股份有限公司-交银施罗德阿尔法核心混合型证券投资基金,2.08,601939.SH,hold_stock
300271.SZ,2020-10-26,中国工商银行股份有限公司-交银施罗德优势行业灵活配置混合型证券投资基金,1.28,601398.SH,hold_stock
300302.SZ,2020-10-30,东兴证券-东兴证券股份有限公司-证券行业支持民营企业发展系列之东兴证券3号单一资产管理计划,1.08,601198.SH,hold_stock
300315.SZ,2020-10-29,中国工商银行股份有限公司-中欧时代先锋股票型发起式证券投资基金,1.82,601398.SH,hold_stock
300315.SZ,2020-10-29,中国工商银行股份有限公司-东方红产业升级灵活配置混合型证券投资基金,1.02,601398.SH,hold_stock
300322.SZ,2020-10-30,中国银行股份有限公司-华夏中证5G通信主题交易型开放式指数证券投资基金,1.24,601988.SH,hold_stock
300348.SZ,2020-10-28,招商银行股份有限公司-鹏华新兴产业混合型证券投资基金,3.21,600036.SH,hold_stock
300352.SZ,2020-10-30,中国银行股份有限公司-华夏行业精选混合型证券投资基金(LOF),1.05,601988.SH,hold_stock
300352.SZ,2020-10-30,中国工商银行股份有限公司-嘉实主题新动力混合型证券投资基金,0.32,601398.SH,hold_stock
300378.SZ,2020-10-30,中国建设银行股份有限公司-南方信息创新混合型证券投资基金,3.2,601939.SH,hold_stock
300379.SZ,2020-10-23,北京东方通科技股份有限公司-第一期员工持股计划,3.67,300379.SZ,hold_stock
300379.SZ,2020-10-23,中国银行股份有限公司-海富通股票混合型证券投资基金,3.44,601988.SH,hold_stock
300383.SZ,2020-10-28,中国工商银行股份有限公司-易方达创业板交易型开放式指数证券投资基金,0.47,601398.SH,hold_stock
300394.SZ,2020-10-23,中国建设银行股份有限公司-易方达信息产业混合型证券投资基金,1.88,601939.SH,hold_stock
300394.SZ,2020-10-23,招商银行股份有限公司-鹏华新兴产业混合型证券投资基金,1.35,600036.SH,hold_stock
300394.SZ,2020-10-23,中国工商银行股份有限公司-财通价值动量混合型证券投资基金,1.21,601398.SH,hold_stock
300394.SZ,2020-10-23,中国工商银行股份有限公司-财通成长优选混合型证券投资基金,1.19,601398.SH,hold_stock
300394.SZ,2020-10-23,中国银行股份有限公司-华夏中证5G通信主题交易型开放式指数证券投资基金,1.04,601988.SH,hold_stock
300397.SZ,2020-10-28,中国建设银行股份有限公司-长信国防军工量化灵活配置混合型证券投资基金,0.36,601939.SH,hold_stock
300440.SZ,2020-10-29,中国工商银行股份有限公司-华商新锐产业灵活配置混合型证券投资基金,0.48,601398.SH,hold_stock
600111.SH,2020-10-27,中国工商银行股份有限公司-南方中证申万有色金属交易型开放式指数证券投资基金,0.3,601398.SH,hold_stock
600219.SH,2020-10-27,中国工商银行股份有限公司-南方中证申万有色金属交易型开放式指数证券投资基金,0.3,601398.SH,hold_stock
600259.SH,2020-10-31,中国工商银行股份有限公司-南方中证申万有色金属交易型开放式指数证券投资基金,0.3,601398.SH,hold_stock
600362.SH,2020-10-31,江西铜业集团有限公司,43.72,600362.SH,hold_stock
600362.SH,2020-10-31,中国工商银行股份有限公司-南方中证申万有色金属交易型开放式指数证券投资基金,0.15,601398.SH,hold_stock
600362.SH,2020-10-31,中国银行-易方达积极成长证券投资基金,0.21,601988.SH,hold_stock
600456.SH,2020-10-27,中国建设银行股份有限公司-鹏华中证国防指数分级证券投资基金,0.75,601939.SH,hold_stock
600456.SH,2020-10-27,新华人寿保险股份有限公司-分红-团体分红-018L-FH001沪,2.56,601336.SH,hold_stock
600459.SH,2020-10-29,中国建设银行股份有限公司-国泰国证有色金属行业指数分级证券投资基金,0.33,601939.SH,hold_stock
600497.SH,2020-10-27,云南驰宏锌锗股份有限公司-第一期员工持股计划,0.75,600497.SH,hold_stock
600531.SH,2020-10-30,河南豫光金铅集团有限责任公司,29.61,600531.SH,hold_stock
600961.SH,2020-10-31,株洲冶炼集团有限责任公司,40.24,600961.SH,hold_stock
601137.SH,2020-10-27,中国建设银行股份有限公司-交银施罗德启明混合型证券投资基金,1.01,601939.SH,hold_stock
601137.SH,2020-10-27,中国农业银行股份有限公司-交银施罗德先进制造混合型证券投资基金,1.42,601288.SH,hold_stock
601168.SH,2020-10-28,西部矿业集团有限公司,29.99,601168.SH,hold_stock
601600.SH,2020-10-28,中国铝业集团有限公司,29.67,601600.SH,hold_stock
601600.SH,2020-10-28,中国人寿保险股份有限公司,3.95,601628.SH,hold_stock
601899.SH,2020-10-20,兴业银行股份有限公司-兴全新视野灵活配置定期开放混合型发起式证券投资基金,1.0,601166.SH,hold_stock
601899.SH,2020-10-20,兴业银行股份有限公司-兴全趋势投资混合型证券投资基金,1.43,601166.SH,hold_stock
601958.SH,2020-10-29,中国农业银行股份有限公司-中证500交易型开放式指数证券投资基金,0.15,601288.SH,hold_stock
601958.SH,2020-10-29,中国工商银行股份有限公司-南方中证申万有色金属交易型开放式指数证券投资基金,0.15,601398.SH,hold_stock
601958.SH,2020-10-29,金堆城钼业集团有限公司,74.98,601958.SH,hold_stock
000060.SZ,2020-10-29,云南铜业股份有限公司,0.92,000878.SZ,hold_stock
000603.SZ,2020-10-29,中国建设银行股份有限公司-银华同力精选混合型证券投资基金,2.07,601939.SH,hold_stock
000603.SZ,2020-10-29,中信证券股份有限公司-前海开源金银珠宝主题精选灵活配置混合型证券投资基金,1.93,600030.SH,hold_stock
000630.SZ,2020-10-30,中信证券股份有限公司,0.62,600030.SH,hold_stock
000758.SZ,2020-10-30,中国工商银行股份有限公司-南方中证申万有色金属交易型开放式指数证券投资基金,0.35,601398.SH,hold_stock
000758.SZ,2020-10-30,中国农业银行股份有限公司-中证500交易型开放式指数证券投资基金,0.37,601288.SH,hold_stock
000758.SZ,2020-10-30,长江证券股份有限公司,0.4,000783.SZ,hold_stock
000807.SZ,2020-10-22,新华人寿保险股份有限公司-分红-团体分红-018L-FH001深,0.36,601336.SH,hold_stock
000807.SZ,2020-10-22,中国铝业股份有限公司,10.04,601600.SH,hold_stock
000831.SZ,2020-10-24,中国农业银行股份有限公司-银华内需精选混合型证券投资基金(LOF),0.92,601288.SH,hold_stock
000831.SZ,2020-10-24,五矿稀土集团有限公司,23.98,000831.SZ,hold_stock
000878.SZ,2020-10-27,云南铜业(集团)有限公司,37.51,000878.SZ,hold_stock
000960.SZ,2020-10-24,云南锡业集团(控股)有限责任公司,12.49,000960.SZ,hold_stock
000960.SZ,2020-10-24,云南锡业集团有限责任公司,32.52,000960.SZ,hold_stock
000960.SZ,2020-10-24,中国银行-易方达积极成长证券投资基金,0.96,601988.SH,hold_stock
002155.SZ,2020-10-27,中国建设银行股份有限公司-银华同力精选混合型证券投资基金,0.47,601939.SH,hold_stock
002155.SZ,2020-10-27,中信证券股份有限公司-前海开源金银珠宝主题精选灵活配置混合型证券投资基金,1.86,600030.SH,hold_stock
002155.SZ,2020-10-27,湖南黄金集团有限责任公司,38.77,002155.SZ,hold_stock
002167.SZ,2020-10-27,龙蟒佰利联集团股份有限公司,15.66,002601.SZ,hold_stock
002171.SZ,2020-10-30,安徽楚江科技新材料股份有限公司-第三期员工持股计划,0.95,002171.SZ,hold_stock
002182.SZ,2020-10-23,中国银行股份有限公司-富国创新趋势股票型证券投资基金,2.55,601988.SH,hold_stock
002182.SZ,2020-10-23,中国工商银行股份有限公司-博时精选混合型证券投资基金,1.33,601398.SH,hold_stock
002182.SZ,2020-10-23,中国工商银行股份有限公司-富国天惠精选成长混合型证券投资基金(LOF),0.81,601398.SH,hold_stock
002182.SZ,2020-10-23,中国光大银行股份有限公司-兴全商业模式优选混合型证券投资基金(LOF),3.3,601818.SH,hold_stock
002237.SZ,2020-10-23,江西铜业股份有限公司,29.99,600362.SH,hold_stock
002237.SZ,2020-10-23,中信证券股份有限公司-前海开源金银珠宝主题精选灵活配置混合型证券投资基金,1.47,600030.SH,hold_stock
002237.SZ,2020-10-23,中国工商银行股份有限公司-博时精选混合型证券投资基金,0.71,601398.SH,hold_stock
002237.SZ,2020-10-23,中国银行股份有限公司-易方达均衡成长股票型证券投资基金,0.7,601988.SH,hold_stock
002340.SZ,2020-10-31,中国建设银行股份有限公司-富国中证新能源汽车指数分级证券投资基金,0.88,601939.SH,hold_stock
002340.SZ,2020-10-31,中国银行股份有限公司-华夏中证新能源汽车交易型开放式指数证券投资基金,1.21,601988.SH,hold_stock
002460.SZ,2020-10-30,中国工商银行股份有限公司-中欧时代先锋股票型发起式证券投资基金,1.6,601398.SH,hold_stock
002460.SZ,2020-10-30,中国建设银行股份有限公司-中欧新蓝筹灵活配置混合型证券投资基金,0.56,601939.SH,hold_stock
002460.SZ,2020-10-30,兴业银行股份有限公司-广发稳健优选六个月持有期混合型证券投资基金,0.54,601166.SH,hold_stock
300034.SZ,2020-10-29,新华人寿保险股份有限公司-分红-团体分红-018FH001深,2.11,601336.SH,hold_stock
300034.SZ,2020-10-29,中国建设银行股份有限公司-博时军工主题股票型证券投资基金,1.01,601939.SH,hold_stock
300034.SZ,2020-10-29,中国建设银行股份有限公司-鹏华中证国防指数分级证券投资基金,0.75,601939.SH,hold_stock
600067.SH,2020-10-20,陕西省国际信托股份有限公司-陕国投·冠城大通第二期员工持股证券投资集合资金信托计划,2.55,000563.SZ,hold_stock
600067.SH,2020-10-20,冠城大通股份有限公司-第1期员工持股计划,1.51,600067.SH,hold_stock
600077.SH,2020-10-31,宋都基业投资股份有限公司-2018年员工持股计划,2.46,600077.SH,hold_stock
600077.SH,2020-10-31,宋都基业投资股份有限公司-2016年员工持股计划,3.73,600077.SH,hold_stock
600095.SH,2020-10-31,新湖中宝股份有限公司,2.97,600208.SH,hold_stock
600133.SH,2020-10-31,中信证券股份有限公司,0.98,600030.SH,hold_stock
600133.SH,2020-10-31,武汉长江通信产业集团股份有限公司,3.25,600345.SH,hold_stock
600162.SH,2020-10-31,招商银行股份有限公司-上证红利交易型开放式指数证券投资基金,0.99,600036.SH,hold_stock
600173.SH,2020-11-10,浙江龙盛集团股份有限公司,12.1,600352.SH,hold_stock
600173.SH,2020-10-29,浙江龙盛集团股份有限公司,11.34,600352.SH,hold_stock
600223.SH,2020-10-27,中国农业银行股份有限公司-交银施罗德成长混合型证券投资基金,0.66,601288.SH,hold_stock
600223.SH,2020-10-27,兴业证券股份有限公司,0.84,601377.SH,hold_stock
600533.SH,2020-10-31,南京栖霞建设集团有限公司,34.37,600533.SH,hold_stock
600565.SH,2020-10-29,招商银行股份有限公司-上证红利交易型开放式指数证券投资基金,1.36,600036.SH,hold_stock
600606.SH,2020-10-27,中国光大银行股份有限公司-兴全商业模式优选混合型证券投资基金(LOF),0.12,601818.SH,hold_stock
600606.SH,2020-10-27,中国工商银行股份有限公司-中证上海国企交易型开放式指数证券投资基金,0.63,601398.SH,hold_stock
600621.SH,2020-10-30,中国建设银行股份有限公司-华宝中证全指证券公司交易型开放式指数证券投资基金,0.44,601939.SH,hold_stock
600621.SH,2020-10-30,中国建设银行股份有限公司-国泰中证全指证券公司交易型开放式指数证券投资基金,0.8,601939.SH,hold_stock
600621.SH,2020-10-30,中国工商银行股份有限公司-中证上海国企交易型开放式指数证券投资基金,0.48,601398.SH,hold_stock
600641.SH,2020-10-30,招商银行股份有限公司-银河创新成长混合型证券投资基金,0.31,600036.SH,hold_stock
600663.SH,2020-10-30,中国工商银行股份有限公司-中证上海国企交易型开放式指数证券投资基金,0.75,601398.SH,hold_stock
600675.SH,2020-10-31,中国工商银行股份有限公司-中证上海国企交易型开放式指数证券投资基金,1.04,601398.SH,hold_stock
600724.SH,2020-10-27,中国建设银行股份有限公司-广发中证全指建筑材料指数型发起式证券投资基金,0.17,601939.SH,hold_stock
600724.SH,2020-10-27,中国银行股份有限公司-华宝标普中国A股红利机会指数证券投资基金(LOF),0.25,601988.SH,hold_stock
600743.SH,2020-10-30,南京栖霞建设股份有限公司,2.06,600533.SH,hold_stock
600773.SH,2020-10-24,中国工商银行股份有限公司-中证上海国企交易型开放式指数证券投资基金,0.47,601398.SH,hold_stock
600823.SH,2020-10-30,招商银行股份有限公司-汇添富绝对收益策略定期开放混合型发起式证券投资基金,0.54,600036.SH,hold_stock
600862.SH,2020-10-23,中国银行股份有限公司-兴全合丰三年持有期混合型证券投资基金,0.65,601988.SH,hold_stock
600862.SH,2020-10-23,中国建设银行股份有限公司-兴全社会责任混合型证券投资基金,1.08,601939.SH,hold_stock
600862.SH,2020-10-23,招商银行股份有限公司-鹏华新兴产业混合型证券投资基金,0.96,600036.SH,hold_stock
600862.SH,2020-10-23,中国工商银行股份有限公司-富国军工主题混合型证券投资基金,0.83,601398.SH,hold_stock
601588.SH,2020-10-29,北京北辰实业集团有限责任公司,34.482,601588.SH,hold_stock
000002.SZ,2020-10-30,中国人寿保险股份有限公司-传统-普通保险产品-005L-CT001深,0.74,601628.SH,hold_stock
000002.SZ,2020-10-30,中国人寿保险股份有限公司-分红-个人分红-005L-FH002深,0.93,601628.SH,hold_stock
000002.SZ,2020-10-30,国信证券-工商银行-国信金鹏分级1号集合资产管理计划,3.93,002736.SZ,hold_stock
000009.SZ,2020-10-29,中国农业银行股份有限公司-中证500交易型开放式指数证券投资基金,0.5,601288.SH,hold_stock
000011.SZ,2020-10-26,中国银行股份有限公司-泰达宏利高研发创新6个月持有期混合型证券投资基金,0.17,601988.SH,hold_stock
000011.SZ,2020-10-26,中国工商银行股份有限公司-富国天惠精选成长混合型证券投资基金(LOF),1.85,601398.SH,hold_stock
000011.SZ,2020-10-26,中国工商银行股份有限公司-富国成长优选三年定期开放灵活配置混合型证券投资基金,0.19,601398.SH,hold_stock
000031.SZ,2020-10-30,中国农业银行股份有限公司-中证500交易型开放式指数证券投资基金,0.14,601288.SH,hold_stock
000036.SZ,2020-10-31,中国工商银行股份有限公司-富国中证红利指数增强型证券投资基金,1.08,601398.SH,hold_stock
000036.SZ,2020-10-31,中国建设银行股份有限公司-大成中证红利指数证券投资基金,0.55,601939.SH,hold_stock
000402.SZ,2020-10-31,中国银行-易方达稳健收益债券型证券投资基金,0.47,601988.SH,hold_stock
000526.SZ,2020-10-29,中国建设银行股份有限公司-交银施罗德蓝筹混合型证券投资基金,1.71,601939.SH,hold_stock
000526.SZ,2020-10-29,中国农业银行股份有限公司-交银施罗德成长混合型证券投资基金,1.91,601288.SH,hold_stock
000526.SZ,2020-10-29,紫光集团有限公司,2.18,000938.SZ,hold_stock
000526.SZ,2020-10-29,兴业银行股份有限公司-工银瑞信文体产业股票型证券投资基金,2.41,601166.SH,hold_stock
000537.SZ,2020-10-30,中国工商银行股份有限公司-中欧潜力价值灵活配置混合型证券投资基金,0.49,601398.SH,hold_stock
000537.SZ,2020-10-30,中国建设银行股份有限公司-中欧价值发现股票型证券投资基金,0.65,601939.SH,hold_stock
000537.SZ,2020-10-30,招商银行股份有限公司-中欧恒利三年定期开放混合型证券投资基金,1.01,600036.SH,hold_stock
000540.SZ,2020-10-30,中天金融集团股份有限公司,0.45,000540.SZ,hold_stock
000631.SZ,2020-10-17,中国建设银行股份有限公司-华商未来主题混合型证券投资基金,0.47,601939.SH,hold_stock
000631.SZ,2020-10-17,中国民生银行股份有限公司-华商领先企业混合型证券投资基金,1.64,600016.SH,hold_stock
000656.SZ,2020-10-30,金科地产集团股份有限公司-第一期员工持股计划,4.14,000656.SZ,hold_stock
000718.SZ,2020-10-28,苏宁环球集团有限公司,23.46,000718.SZ,hold_stock
000736.SZ,2020-10-30,中国工商银行股份有限公司-中欧时代先锋股票型发起式证券投资基金,0.43,601398.SH,hold_stock
000797.SZ,2020-10-29,泰禾集团股份有限公司,0.98,000732.SZ,hold_stock
000979.SZ,2020-10-30,东吴证券股份有限公司,3.15,601555.SH,hold_stock
001914.SZ,2020-10-20,中国农业银行股份有限公司-平安低碳经济混合型证券投资基金,0.64,601288.SH,hold_stock
001914.SZ,2020-10-20,中国建设银行股份有限公司-汇添富消费行业混合型证券投资基金,1.6,601939.SH,hold_stock
001914.SZ,2020-10-20,中国建设银行股份有限公司-华安宏利混合型证券投资基金,0.88,601939.SH,hold_stock
001914.SZ,2020-10-20,中国工商银行股份有限公司-汇添富开放视野中国优势六个月持有期股票型证券投资基金,0.64,601398.SH,hold_stock
001914.SZ,2020-10-20,中国建设银行股份有限公司-宝盈资源优选混合型证券投资基金,0.59,601939.SH,hold_stock
002016.SZ,2020-10-30,中国建设银行股份有限公司-大成中证红利指数证券投资基金,0.34,601939.SH,hold_stock
002016.SZ,2020-10-30,中国工商银行股份有限公司-富国中证红利指数增强型证券投资基金,0.6,601398.SH,hold_stock
002285.SZ,2020-10-31,中国工商银行股份有限公司-富国天惠精选成长混合型证券投资基金(LOF),1.2,601398.SH,hold_stock
002285.SZ,2020-10-31,广发证券股份有限公司-大成睿景灵活配置混合型证券投资基金,0.95,000776.SZ,hold_stock
600030.SH,2020-10-30,中国建设银行股份有限公司-国泰中证全指证券公司交易型开放式指数证券投资基金,1.3,601939.SH,hold_stock
600109.SH,2020-10-30,中国建设银行股份有限公司-国泰中证全指证券公司交易型开放式指数证券投资基金,1.45,601939.SH,hold_stock
600643.SH,2020-10-29,中国农业银行股份有限公司-中证500交易型开放式指数证券投资基金,0.3,601288.SH,hold_stock
600830.SH,2020-10-31,海通证券股份有限公司,0.66,600837.SH,hold_stock
601099.SH,2020-10-31,中国银行股份有限公司-招商中证全指证券公司指数分级证券投资基金,0.43,601988.SH,hold_stock
601099.SH,2020-10-31,中国农业银行股份有限公司-中证500交易型开放式指数证券投资基金,0.51,601288.SH,hold_stock
601099.SH,2020-10-31,中国建设银行股份有限公司-华宝中证全指证券公司交易型开放式指数证券投资基金,1.0,601939.SH,hold_stock
601099.SH,2020-10-31,中国建设银行股份有限公司-国泰中证全指证券公司交易型开放式指数证券投资基金,2.02,601939.SH,hold_stock
601198.SH,2020-10-31,中国建设银行股份有限公司-国泰中证全指证券公司交易型开放式指数证券投资基金,1.02,601939.SH,hold_stock
601198.SH,2020-10-31,中国建设银行股份有限公司-华宝中证全指证券公司交易型开放式指数证券投资基金,0.55,601939.SH,hold_stock
601288.SH,2020-10-31,中国人寿保险股份有限公司-传统-普通保险产品-005L-CT001沪,0.81,601628.SH,hold_stock
601288.SH,2020-10-31,中国人寿保险股份有限公司-分红-个人分红-005L-FH002沪,0.74,601628.SH,hold_stock
601398.SH,2020-10-31,中国人寿保险股份有限公司-传统-普通保险产品-005L-CT001沪,0.13,601628.SH,hold_stock
601555.SH,2020-10-31,中国建设银行股份有限公司-国泰中证全指证券公司交易型开放式指数证券投资基金,1.6,601939.SH,hold_stock
601628.SH,2020-10-29,中国工商银行-上证50交易型开放式指数证券投资基金,0.04,601398.SH,hold_stock
601628.SH,2020-10-29,中国人寿保险(集团)公司,68.37,601628.SH,hold_stock
601788.SH,2020-10-29,中国建设银行股份有限公司-国泰中证全指证券公司交易型开放式指数证券投资基金,0.85,601939.SH,hold_stock
601901.SH,2020-10-31,中国建设银行股份有限公司-国泰中证全指证券公司交易型开放式指数证券投资基金,1.0,601939.SH,hold_stock
601988.SH,2020-10-31,中国人寿保险(集团)公司-传统-普通保险产品-港股通(创新策略),0.06,601628.SH,hold_stock
601988.SH,2020-10-31,中国人寿保险股份有限公司-传统-普通保险产品-005L-CT001沪,0.24,601628.SH,hold_stock
601988.SH,2020-10-31,中国人寿保险股份有限公司-分红-个人分红-005L-FH002沪,0.33,601628.SH,hold_stock
601998.SH,2020-10-30,中国建设银行股份有限公司,0.34,601939.SH,hold_stock
000001.SZ,2020-10-22,中国建设银行股份有限公司-华安聚优精选混合型证券投资基金,0.34,601939.SH,hold_stock
000001.SZ,2020-10-22,中国平安保险(集团)股份有限公司-集团本级-自有资金,49.56,601318.SH,hold_stock
000563.SZ,2020-10-29,中国农业银行股份有限公司-富国中证500指数增强型证券投资基金(LOF),0.21,601288.SH,hold_stock
000563.SZ,2020-10-29,中国农业银行股份有限公司-中证500交易型开放式指数证券投资基金,0.25,601288.SH,hold_stock
000686.SZ,2020-10-28,中国建设银行股份有限公司-国泰中证全指证券公司交易型开放式指数证券投资基金,1.2,601939.SH,hold_stock
000686.SZ,2020-10-28,中国建设银行股份有限公司-华宝中证全指证券公司交易型开放式指数证券投资基金,0.64,601939.SH,hold_stock
000712.SZ,2020-10-31,中国建设银行股份有限公司-国泰中证全指证券公司交易型开放式指数证券投资基金,0.94,601939.SH,hold_stock
000712.SZ,2020-10-31,中国建设银行股份有限公司-华宝中证全指证券公司交易型开放式指数证券投资基金,0.52,601939.SH,hold_stock
000750.SZ,2020-10-28,中国建设银行股份有限公司-国泰中证全指证券公司交易型开放式指数证券投资基金,1.4,601939.SH,hold_stock
000776.SZ,2020-10-31,中国建设银行股份有限公司-国泰中证全指证券公司交易型开放式指数证券投资基金,0.78,601939.SH,hold_stock
002500.SZ,2020-10-27,中国建设银行股份有限公司-华宝中证全指证券公司交易型开放式指数证券投资基金,0.67,601939.SH,hold_stock
002500.SZ,2020-10-27,中国建设银行股份有限公司-国泰中证全指证券公司交易型开放式指数证券投资基金,1.25,601939.SH,hold_stock
002673.SZ,2020-10-23,中国建设银行股份有限公司-国泰中证全指证券公司交易型开放式指数证券投资基金,1.0,601939.SH,hold_stock
002673.SZ,2020-10-23,中国建设银行股份有限公司-华宝中证全指证券公司交易型开放式指数证券投资基金,0.55,601939.SH,hold_stock
002736.SZ,2020-10-30,北京城建投资发展股份有限公司,3.57,600266.SH,hold_stock
002736.SZ,2020-10-30,中国建设银行股份有限公司-国泰中证全指证券公司交易型开放式指数证券投资基金,0.58,601939.SH,hold_stock
600258.SH,2020-10-30,中信证券-中信银行-中信证券红利价值一年持有混合型集合资产管理计划,1.49,600030.SH,hold_stock
600258.SH,2020-10-30,中国银行-华夏大盘精选证券投资基金,0.83,601988.SH,hold_stock
600258.SH,2020-10-30,中信证券股份有限公司-社保基金17051组合,0.82,600030.SH,hold_stock
600640.SH,2020-10-31,中国农业银行股份有限公司-华安智能生活混合型证券投资基金,0.22,601288.SH,hold_stock
600640.SH,2020-10-31,中国工商银行股份有限公司-华安媒体互联网混合型证券投资基金,0.38,601398.SH,hold_stock
600754.SH,2020-10-31,招商银行股份有限公司-兴全合宜灵活配置混合型证券投资基金(LOF),0.48,600036.SH,hold_stock
600754.SH,2020-10-31,中国光大银行股份有限公司-兴全商业模式优选混合型证券投资基金(LOF),0.97,601818.SH,hold_stock
600754.SH,2020-10-31,中国银行-华夏大盘精选证券投资基金,0.85,601988.SH,hold_stock
600754.SH,2020-10-31,中国工商银行股份有限公司-华安媒体互联网混合型证券投资基金,0.53,601398.SH,hold_stock
601888.SH,2020-10-28,中国工商银行-上证50交易型开放式指数证券投资基金,0.36,601398.SH,hold_stock
601888.SH,2020-10-28,中国工商银行股份有限公司-景顺长城新兴成长混合型证券投资基金,0.51,601398.SH,hold_stock
000524.SZ,2020-10-30,广州岭南集团控股股份有限公司-第一期员工持股计划,1.86,000524.SZ,hold_stock
000610.SZ,2020-10-20,西安旅游集团有限责任公司,27.29,000610.SZ,hold_stock
000721.SZ,2020-10-20,西安旅游集团有限责任公司,21.04,000610.SZ,hold_stock
000888.SZ,2020-10-30,中国工商银行股份有限公司-银华中小盘精选混合型证券投资基金,0.36,601398.SH,hold_stock
000888.SZ,2020-10-30,中国工商银行-汇添富均衡增长混合型证券投资基金,0.37,601398.SH,hold_stock
000888.SZ,2020-10-30,招商银行股份有限公司-景顺长城成长领航混合型证券投资基金,0.55,600036.SH,hold_stock
000888.SZ,2020-10-30,中国建设银行股份有限公司-景顺长城环保优势股票型证券投资基金,1.31,601939.SH,hold_stock
002159.SZ,2020-10-29,中国工商银行-国联安德盛小盘精选证券投资基金,1.73,601398.SH,hold_stock
002159.SZ,2020-10-29,招商银行股份有限公司-东方红京东大数据灵活配置混合型证券投资基金,2.62,600036.SH,hold_stock
002159.SZ,2020-10-29,中国工商银行股份有限公司-东方红新动力灵活配置混合型证券投资基金,4.66,601398.SH,hold_stock
002707.SZ,2020-10-31,兴业银行股份有限公司-兴全趋势投资混合型证券投资基金,1.91,601166.SH,hold_stock
002707.SZ,2020-10-31,兴业银行股份有限公司-兴全新视野灵活配置定期开放混合型发起式证券投资基金,1.22,601166.SH,hold_stock
300144.SZ,2020-10-29,兴业银行股份有限公司-兴全趋势投资混合型证券投资基金,2.14,601166.SH,hold_stock
300144.SZ,2020-10-29,中国工商银行-汇添富成长焦点混合型证券投资基金,0.94,601398.SH,hold_stock
